[
  {
    "query_id": 1,
    "num_rel_docs": 2,
    "rel_docs": "3392, 3396"
  },
  {
    "query_id": 2,
    "num_rel_docs": 2,
    "rel_docs": "2623, 4291"
  },
  {
    "query_id": 3,
    "num_rel_docs": 5,
    "rel_docs": "1407, 1431, 3794, 3795, 3796"
  },
  {
    "query_id": 4,
    "num_rel_docs": 7,
    "rel_docs": "604, 3527, 4644, 5087, 5112, 5113, 5295"
  },
  {
    "query_id": 5,
    "num_rel_docs": 1,
    "rel_docs": "3401"
  },
  {
    "query_id": 6,
    "num_rel_docs": 18,
    "rel_docs": "111, 112, 113, 1100, 1581, 1582, 2090, 2616, 2620, 3647, 4155, 5066, 5068, 5626, 5627, 5628, 5629, 5631"
  },
  {
    "query_id": 7,
    "num_rel_docs": 14,
    "rel_docs": "277, 278, 279, 1277, 1278, 1769, 2279, 3265, 3267, 3450, 3789, 5220, 5748, 5778"
  },
  {
    "query_id": 8,
    "num_rel_docs": 26,
    "rel_docs": "40, 49, 199, 524, 697, 701, 1043, 1044, 1190, 1191, 1534, 1677, 2039, 2545, 3045, 3716, 4485, 4486, 4499, 4717, 5011, 5170, 5533, 5534, 5723, 5816"
  },
  {
    "query_id": 9,
    "num_rel_docs": 12,
    "rel_docs": "178, 680, 681, 1412, 3178, 3689, 3922, 4374, 4692, 4693, 5706, 5859"
  },
  {
    "query_id": 10,
    "num_rel_docs": 14,
    "rel_docs": "769, 770, 1309, 1310, 1807, 2318, 2319, 2321, 2407, 3814, 4290, 4804, 5800, 5801"
  },
  {
    "query_id": 11,
    "num_rel_docs": 1,
    "rel_docs": "1046"
  },
  {
    "query_id": 12,
    "num_rel_docs": 3,
    "rel_docs": "358, 1141, 5101"
  },
  {
    "query_id": 13,
    "num_rel_docs": 2,
    "rel_docs": "5000, 5001"
  },
  {
    "query_id": 14,
    "num_rel_docs": 11,
    "rel_docs": "576, 579, 580, 585, 1082, 2319, 2627, 3628, 4589, 4591, 5386"
  },
  {
    "query_id": 15,
    "num_rel_docs": 23,
    "rel_docs": "287, 422, 877, 1407, 2799, 2800, 3274, 3794, 3795, 3796, 3893, 3898, 3920, 3955, 3956, 3957, 3958, 4279, 4280, 4281, 4362, 4367, 5918"
  },
  {
    "query_id": 16,
    "num_rel_docs": 3,
    "rel_docs": "743, 2151, 5201"
  },
  {
    "query_id": 17,
    "num_rel_docs": 7,
    "rel_docs": "716, 1262, 1790, 2180, 2777, 2779, 2952"
  },
  {
    "query_id": 18,
    "num_rel_docs": 53,
    "rel_docs": "403, 404, 405, 440, 441, 936, 939, 940, 950, 1414, 1415, 1416, 1913, 1934, 1935, 1936, 1937, 1938, 1939, 1941, 1942, 1943, 1944, 1945, 1946, 1948, 1949, 1951, 2424, 2425, 2426, 2449, 2450, 2455, 2915, 2916, 2955, 3410, 3453, 3454, 3481, 3928, 3929, 3930, 3976, 3977, 3987, 4397, 4398, 4399, 5919, 5920, 5950"
  },
  {
    "query_id": 19,
    "num_rel_docs": 14,
    "rel_docs": "166, 256, 270, 430, 1636, 2171, 2236, 2760, 2916, 3242, 3254, 3679, 3781, 5206"
  },
  {
    "query_id": 20,
    "num_rel_docs": 6,
    "rel_docs": "489, 490, 1497, 3391, 3901, 6004"
  },
  {
    "query_id": 21,
    "num_rel_docs": 21,
    "rel_docs": "434, 882, 1429, 1894, 1899, 2416, 2934, 2947, 3405, 3407, 3900, 3902, 3903, 3942, 3943, 3954, 3966, 5382, 5386, 5933, 5939"
  },
  {
    "query_id": 22,
    "num_rel_docs": 1,
    "rel_docs": "5699"
  },
  {
    "query_id": 23,
    "num_rel_docs": 18,
    "rel_docs": "267, 1259, 1260, 1261, 1262, 1751, 1790, 2180, 2284, 2776, 2777, 2778, 2779, 3778, 4763, 5136, 5215, 5216"
  },
  {
    "query_id": 24,
    "num_rel_docs": 6,
    "rel_docs": "2410, 2949, 3398, 3452, 3972, 4391"
  },
  {
    "query_id": 25,
    "num_rel_docs": 2,
    "rel_docs": "2949, 3448"
  },
  {
    "query_id": 26,
    "num_rel_docs": 10,
    "rel_docs": "218, 1198, 2199, 2736, 2738, 3207, 3731, 3732, 4231, 4232"
  },
  {
    "query_id": 27,
    "num_rel_docs": 7,
    "rel_docs": "1186, 1424, 1775, 2791, 4170, 4708, 5720"
  },
  {
    "query_id": 28,
    "num_rel_docs": 11,
    "rel_docs": "442, 1426, 1918, 1919, 2712, 2932, 2933, 3389, 3801, 3938, 4290"
  },
  {
    "query_id": 29,
    "num_rel_docs": 33,
    "rel_docs": "246, 248, 260, 261, 652, 733, 748, 811, 812, 1256, 1270, 1279, 1458, 1547, 1704, 1773, 2231, 2238, 2316, 2744, 2745, 2757, 3175, 3259, 3736, 3910, 4238, 4493, 4567, 4766, 4978, 5203, 5213"
  },
  {
    "query_id": 30,
    "num_rel_docs": 12,
    "rel_docs": "916, 917, 1796, 1921, 1922, 2416, 2436, 2556, 3435, 3943, 3946, 3947"
  },
  {
    "query_id": 31,
    "num_rel_docs": 10,
    "rel_docs": "934, 1433, 2898, 2899, 2948, 2950, 3386, 3396, 4284, 4365"
  },
  {
    "query_id": 32,
    "num_rel_docs": 7,
    "rel_docs": "400, 1897, 2440, 3917, 3918, 3922, 4360"
  },
  {
    "query_id": 33,
    "num_rel_docs": 9,
    "rel_docs": "611, 1122, 1297, 1529, 2135, 2559, 2648, 2864, 5340"
  },
  {
    "query_id": 34,
    "num_rel_docs": 1,
    "rel_docs": "3384"
  },
  {
    "query_id": 35,
    "num_rel_docs": 7,
    "rel_docs": "738, 1217, 2246, 2284, 2772, 3276, 3799"
  }
]