<?xml version="1.0" encoding="UTF-8"?>
<entity-mappings xmlns="https://jakarta.ee/xml/ns/persistence/orm"
	xmlns:xsi="http://www.w3.org/2001/XMLSchema-instance"
	xsi:schemaLocation="https://jakarta.ee/xml/ns/persistence/orm https://jakarta.ee/xml/ns/persistence/orm/orm_3_1.xsd"
	version="3.1">
	<access>FIELD</access>	
	<!-- Vehicle queries -->
	<named-query name="Vehicle.findByPlate">
		<query>select v from Vehicle v where v.plateNumber = ?1</query>
	</named-query>
	
	<!--Order queries-->
	<named-query name="Order.findByNif">
		<query>
			select o
			from Order o
			where o.provider.nif = ?1
			order by o.state, o.orderedDate
		</query>
	</named-query>
	
	<named-query name="Order.findByCode">
		<query>
			select o
			from Order o
			where o.code = ?1
		</query>
	</named-query>

	<!-- WorkOrder queries -->
	<named-query name="WorkOrder.findByIds">
		<query>select w from WorkOrder w where w.id in ?1</query>
	</named-query>
	
	<named-query name="WorkOrder.findNotInvoicedWorkOrderByClientNif">
		<query>
			select w
			from WorkOrder w 
			where w.state = FINISHED
			and w.vehicle.client.nif = ?1
		</query>
	</named-query>

	<!-- PaymentMean queries -->
	<named-query name="PaymentMean.findByInvoiceId">
		<query>
			select m
			from Invoice f
				join f.workOrders w
				join w.vehicle.client c
				join c.paymentMeans m
			where f.id = ?1
		</query>
	</named-query>
	
	<!-- Provider queries -->
	<named-query name="Provider.finByNif">
		<query>
			select p
			from Provider p
			where p.nif = ?1
		</query>
	</named-query>
	
	<named-query name="Provider.finByName">
		<query>
			select p
			from Provider p
			where p.name = ?1
		</query>
	</named-query>
	
	<named-query name="Provider.findByNameMailPhone">
		<query>
			select p
			from Provider p
			where p.name = ?1 
				and p.email = ?2
				and p.phone = ?3
		</query>
	</named-query>
	
	<named-query name="Provider.findBySparePartCode">
		<query>
			select s.provider
			from Supply s
			where s.sparePart.code = ?1
		</query>
	</named-query>

	<!-- Mechanic queries -->
	<named-query name="Mechanic.findByNif">
		<query>
			select m
			from Mechanic m
			where m.nif = ?1
		</query>
	</named-query>
	
	<!--SparePart queries-->
	<named-query name="SparePart.findByCode">
		<query>
			select s
			from SparePart s
			where s.code = ?1
		</query>
	</named-query>
	
	<!--Supply queries-->
	<named-query name="Supply.findByCodeAndNif">
		<query>
			select s
			from Supply s
			where s.sparePart.code = ?1
				and s.provider.nif = ?2		
		</query>
	</named-query>
	
	<named-query name="Supply.findByProviderNif">
		<query>
			select s
			from Supply s
			where s.provider.nif = ?1		
		</query>
	</named-query>
	
	<named-query name="Supply.findBySparePartCode">
		<query>
			select s
			from Supply s
			where s.sparePart.code = ?1	
		</query>
	</named-query>

	<!-- Invoice queries -->
	<named-query name="Invoice.findByNumber">
		<query>select f from Invoice f where f.number = ?1</query>
	</named-query>

	<named-query name="Invoice.getNextInvoiceNumber">
		<!-- 	
		This breaks if there is none invoice in the database.
		<query>select max(f.number) + 1 from Invoice f</query>
		-->
		<query>
			select cast( coalesce(max(f.number) + 1, 1L) as long ) <!--bigint por defecto-->
			from Invoice f
		</query>
	</named-query>
	
	

<!-- 
	Use this format if your query has "greater than" (&gt;) numeric comparisons as 
	the one in this example
	
	<named-query name="findItemsOnSaleByCategoryId">
	<query>
			<![CDATA[
			select i 
			from Item i join i.categories c
			where c.id = ?2
				and i.startDate <= ?1
				and i.endDate >= ?1 
			]]>
	</query>
	</named-query>
 -->
<!-- 
	Supper-Class Mapping
-->

 <mapped-superclass class="uo.ri.cws.domain.base.BaseEntity">
    <attributes>
        <id name="id">
            <column length="36"/>
        </id>
        <version name="version"  access="FIELD"/>
    </attributes>
</mapped-superclass>
 
 <!--
	Class mapping
 -->



<entity class="uo.ri.cws.domain.Client">
	<table name="TClients"/>
	<attributes>
		<basic name="nif" optional="false">
			<column unique="true"/>
		</basic>
		<basic name="name" optional="false"  access="FIELD"/>
		<basic name="surname" optional="false"  access="FIELD"/>
		<basic name="email" optional="false"  access="FIELD"/>
		<basic name="phone" optional="false"  access="FIELD"/>		
		<one-to-many name="vehicles" mapped-by="client" access="FIELD"/>
		<one-to-many name="paymentMeans" mapped-by="client" access="FIELD"/>
		<embedded name="address"/>
	</attributes>
</entity>

<entity class="uo.ri.cws.domain.Intervention">
    <table name="TInterventions">
        <unique-constraint>
			<column-name>workOrder_id</column-name>
			<column-name>mechanic_id</column-name>
			<column-name>date</column-name>
		</unique-constraint> 
    </table>
    <attributes>
        <basic name="date" optional="false"  access="FIELD"/>
        <basic name="minutes" optional="false"  access="FIELD"/>
        <many-to-one name="workOrder" optional="false"/>
        <many-to-one name="mechanic" optional="false"/>
        <one-to-many name="substitutions" mapped-by="intervention" access="FIELD"/>
    </attributes>
</entity>


<entity class="uo.ri.cws.domain.Invoice">
    <table name="TInvoices"/>
    <attributes>
        <basic name="number" optional="false">
			<column unique="true"/>
		</basic>
        <basic name="date" optional="false"  access="FIELD"/>
        <basic name="amount" optional="false"  access="FIELD"/>
        <basic name="vat" optional="false"  access="FIELD"/>
        <basic name="state" optional="false"  access="FIELD">
			<enumerated>STRING</enumerated>
		</basic>	
        <one-to-many name="workOrders" mapped-by="invoice" access="FIELD"/>
		<one-to-many name="charges" mapped-by="invoice" access="FIELD"/>
    </attributes>
</entity>

<entity class="uo.ri.cws.domain.Mechanic">
	<table name="TMechanics"/>
	<attributes>
		<basic name="nif" optional="false">
			<column unique="true"/>
		</basic>
		<basic name="name" optional="false"  access="FIELD"/>
		<basic name="surname" optional="false"  access="FIELD"/>
		<one-to-many name="interventions" mapped-by="mechanic" access="FIELD"/>
		<one-to-many name="assigned" mapped-by="mechanic" access="FIELD"/>
	</attributes>
</entity>

<entity class="uo.ri.cws.domain.SparePart">
    <table name="TSpareParts"/>
    <attributes>
        <basic name="code" optional="false">
            <column unique="true"/>
        </basic>
        <basic name="description" optional="false" access="FIELD"/>
        <basic name="price" optional="false"  access="FIELD"/>
		<basic name="stock" optional="false" access="FIELD"/>
		<basic name="minStock" optional="false" access="FIELD"/>
		<basic name="maxStock" optional="false" access="FIELD"/>
        <one-to-many name="substitutions" mapped-by="sparePart" access="FIELD"/>
		<one-to-many name="supplies" mapped-by="sparePart" access="FIELD"/>
    </attributes>
</entity>

<entity class="uo.ri.cws.domain.Substitution">
	<table name="TSubstitutions">
		<unique-constraint>
			<column-name>intervention_id</column-name>
			<column-name>sparePart_id</column-name>
		</unique-constraint>
	</table>
	<attributes>
		<basic name="quantity" optional="false" access="FIELD"/>
		<many-to-one name="intervention"/>
		<many-to-one name="sparePart"/>
	</attributes>
</entity>


<entity class="uo.ri.cws.domain.Vehicle">
	<table name="TVehicles"/>
	<attributes>
		<basic name="plateNumber" optional="false">
			<column unique="true"/>
		</basic>
		<basic name="make" optional="false" access="FIELD"/>
		<basic name="model" optional="false" access="FIELD"/>
		
		<many-to-one name="client"/>
		<many-to-one name="vehicleType"/>
		<one-to-many name="workOrders" mapped-by="vehicle" access="FIELD"/>
	</attributes>
</entity>	

<entity class="uo.ri.cws.domain.VehicleType">
	<table name="TVehicleTypes"/>
	<attributes>
		<basic name="name" optional="false">
			<column unique="true"/>
		</basic>
		<basic name="pricePerHour" optional="false" access="FIELD"/>
		<one-to-many name="vehicles" mapped-by="vehicleType" access="FIELD"/>
	</attributes>
</entity>	

<entity class="uo.ri.cws.domain.WorkOrder">
    <table name="TWorkOrders">
        <unique-constraint>
			<column-name>date</column-name>
			<column-name>vehicle_id</column-name>
		</unique-constraint>
    </table>
    <attributes>
        <basic name="date" optional="false" access="FIELD"/>
        <basic name="description" optional="false" access="FIELD"/>
        <basic name="amount" optional="false" access="FIELD"/>
        <basic name="state" optional="false" access="FIELD">
			<enumerated>STRING</enumerated>
		</basic>	
        <many-to-one name="vehicle" access="FIELD"/>
        <many-to-one name="mechanic" access="FIELD"/>
        <many-to-one name="invoice" access="FIELD"/>
        <one-to-many name="interventions" mapped-by="workOrder" access="FIELD"/>
    </attributes>
</entity>

<entity class="uo.ri.cws.domain.Charge">
	<table name="TCharges">
		<unique-constraint>
			<column-name>invoice_id</column-name>
			<column-name>paymentmean_id</column-name>
		</unique-constraint>
	</table>
	<attributes>
		<basic name="amount" optional="false" access="FIELD"/>
		<many-to-one name="invoice"/>
		<many-to-one name="paymentMean"/>
	</attributes>
</entity>

<entity class="uo.ri.cws.domain.Supply">
	<table name="TSupplies">
		<unique-constraint>
			<column-name>sparePart_id</column-name>
			<column-name>provider_id</column-name>
		</unique-constraint>
	</table>		
	<attributes>
		<basic name="deliveryTerm" optional="false" access="FIELD"/>
		<basic name="price" optional="false" access="FIELD"/>
		<many-to-one name="sparePart"/>
		<many-to-one name="provider"/>
	</attributes>
</entity>

<entity class="uo.ri.cws.domain.Provider">
	<table name="TProviders"/>
	<attributes>
		<basic name="nif" optional="false">
			<column unique="true"/>
		</basic>
		<basic name="name" optional="false" access="FIELD"/>
		<basic name="email" optional="false" access="FIELD"/>
		<basic name="phone" optional="false" access="FIELD"/>
		<one-to-many name="supplies" mapped-by="provider" access="FIELD"/>
		<one-to-many name="orders" mapped-by="provider" access="FIELD"/>
	</attributes>
</entity>

<entity class="uo.ri.cws.domain.Order">
	<table name="TOrders"/>
	<attributes>
		<basic name="code" optional="false">
			<column unique="true"/>
		</basic>	
		<basic name="orderedDate" optional="false" access="FIELD"/>
		<basic name="amount" optional="false" access="FIELD"/>
		<basic name="receptionDate" access="FIELD"/>
		<basic name="state" optional="false" access="FIELD">
			<enumerated>STRING</enumerated>
		</basic>	
		<many-to-one name="provider"/>
		<element-collection name="orderLines">
			<collection-table name="TOrderLines"/>
		</element-collection>
	</attributes>
</entity>

<!-- 
	Hereditance mapping
-->
<entity class="uo.ri.cws.domain.PaymentMean">
    <table name="TPaymentMeans"/>
    <inheritance strategy="JOINED"/>
    <attributes>
        <basic name="accumulated" optional="false" access="FIELD"/>
        <many-to-one name="client"/>
		<one-to-many name="charges" mapped-by="paymentMean" access="FIELD"/>
    </attributes>
</entity>

<entity class="uo.ri.cws.domain.Cash">
	<table name="TCashes"/>
</entity>

<entity class="uo.ri.cws.domain.CreditCard">
	<table name="TCreditCards"/>
	<attributes>
		<basic name="number" optional="false">
			<column unique="true"/>
		</basic>
		<basic name="type" optional="false" access="FIELD"/>
		<basic name="validThru" optional="false" access="FIELD"/>
	</attributes>
</entity>

<entity class="uo.ri.cws.domain.Voucher">
	<table name="TVouchers"/>
	<attributes>
		<basic name="code" optional="false">
			<column unique="true"/>
		</basic>
		<basic name="available" optional="false" access="FIELD"/>
		<basic name="description" optional="false" access="FIELD"/>
	</attributes>
</entity>

<!-- 
	Embeddable class mapping
-->	
 
 	<embeddable class="uo.ri.cws.domain.Address">
 		<attributes>
 			<basic name="street" optional="false" access="FIELD"/>
 			<basic name="city" optional="false" access="FIELD"/>
 			<basic name="zipCode" optional="false" access="FIELD"/>
 		</attributes>
 	</embeddable>

	<embeddable class="uo.ri.cws.domain.OrderLine">
        <attributes>
            <basic name="quantity" optional="false" access="FIELD"/>
            <basic name="price" optional="false" access="FIELD"/>
            <one-to-one name="sparePart" access="FIELD"/>
        </attributes>
    </embeddable>

</entity-mappings>
