<?xml version="1.0" encoding="UTF-8"?>
<entity-mappings xmlns="https://jakarta.ee/xml/ns/persistence/orm"
	xmlns:xsi="http://www.w3.org/2001/XMLSchema-instance"
	xsi:schemaLocation="https://jakarta.ee/xml/ns/persistence/orm https://jakarta.ee/xml/ns/persistence/orm/orm_3_1.xsd"
	version="3.1">
	
	<!-- Vehicle queries -->
	<named-query name="Vehicle.findByPlate">
		<query>select v from Vehicle v where v.plateNumber = ?1</query>
	</named-query>

	<!-- WorkOrder queries -->
	<named-query name="WorkOrder.findByIds">
		<query>select w from WorkOrder w where w.id in ?1</query>
	</named-query>

	<!-- PaymentMean queries -->
	<named-query name="PaymentMean.findByInvoiceId">
		<query>
			select m
			from Invoice f
				join f.workOrders w
				join w.vehicle.client c
				join c.paymentMeans m
			where f.id = ?1
		</query>
	</named-query>

	<!-- Mechanic queries -->
	<named-query name="Mechanic.findByNif">
		<query>
			select m
			from Mechanic m
			where m.nif = ?1
		</query>
	</named-query>

	<!-- Invoice queries -->
	<named-query name="Invoice.findByNumber">
		<query>select f from Invoice f where f.number = ?1</query>
	</named-query>

	<named-query name="Invoice.getNextInvoiceNumber">
		<!-- 	
		This breaks if there is none invoice in the database.
		<query>select max(f.number) + 1 from Invoice f</query>
		-->
		<query>
			select cast( coalesce(max(f.number) + 1, 1L) as bigint ) 
			from Invoice f
		</query>
	</named-query>

<!-- 
	Use this format if your query has "greater than" (&gt;) numeric comparisons as 
	the one in this example
	
	<named-query name="findItemsOnSaleByCategoryId">
	<query>
			<![CDATA[
			select i 
			from Item i join i.categories c
			where c.id = ?2
				and i.startDate <= ?1
				and i.endDate >= ?1 
			]]>
	</query>
	</named-query>
 -->

</entity-mappings>